Construction Description,Construction Code
"metal roof, wood floors, stucco interior and exterior walls",1
"70% Frame, 30% Masonry Veneer",1
ALL COMB (WOOD FRAME),1
Aluminium - vinyl,1
Aluminum Vinyl,1
brick and stucco,1
Brick Veneer,1
Commercial Stucco Exterior,1
Composition,1
"Concrete slab, wood frame, brick veneer, metal roof",1
Drywall Over Metal Studs,1
EIFS,1
Fire Resistant/ wood frame,1
Frame,1
Frame / Brick Veneer,1
Frame & Structural Steel,1
Frame & Stucco,1
Frame w/metal siding,1
Frame with stone,1
Frame/Stucco/Steel,1
"Jointed Masonry - 1st Floor
Frame- 2nd",1
Joist Frame,1
MASONRY/STEEL METAL DECK EXCEPT R&S WITH WOOD FRAMES,1
Metal Comb,1
Metal frame with metal or wood siding,1
"Metal Stud / dry
Wall, masonry
",1
Metal Studs,1
Metal/Frame,1
Misc Combustible,1
Mixed  flat - EPDM,1
Modular,1
Modular Prefab,1
Other,1
Painted Stucco Exterior,1
Plank Roof,1
Plant Steel/Office Wood,1
Post & Beam,1
Pre Fab,1
roof-metal/wood frame joisted on frame walls over concrete slab - ISO code 1 - PC 4,1
steel & wood,1
"Steel columns, wood posts, stucco over concrete masonry",1
Steel Frame/Wood,1
Steel Structure & Wood Framed Office Within Steel Building Shell,1
Stucco,1
Stucco / Frame,1
Stucco w/ Painted Brick,1
"Stucco, Ther Glass",1
"Stucco, Wood ",1
WF,1
Wood,1
Wood / Steel Sheeting,1
Wood & Copper,1
Wood & Stone,1
wood beam frame - aluminum roof,1
WOOD BEAMS AND COMP ROOF; WALLS ARE WOOD IN FRONT AND BETWEEN STORES AND CONCRETE IN BACK,1
Steel with brick/steel,4
Wood Columns,1
Wood Frame & Joist Beam,1
Wood Frame & Stucco,1
Wood frame and wood joisted construction,1
WOOD FRAME WOOD SIDING,1
Wood frame; wood siding; shingled roof,1
Wood Frame/Brick Veneer,1
"Wood Frame, Slate on Wood Joists",1
wood frame and slate,1
Reinforced Concrete Shear Wall frame,6
Reinforced Concrete Shear Wall without frame,6
Reinforced Masonry Shear Wall with frame,4
Reinforced Masonry Shear Wall without frame,4
Wood Frame/Steel,1
brick & steel,4
brick and steel frame,4
Wood Frame/Stone & Stucco Veneer,1
Wood Frame/Wood Siding,1
Wood Frm/Stucco/Brick,1
Wood Lattice,1
Wood or Steel,1
Wood Plank,1
Wood Post Beam,1
Wood studs with plaster/stucco exterior,1
Wood Truss,1
Wood Truss on Steel,1
"Wood, Brick, Vinyl",1
Wood/EIFS,1
Wood/Frame,1
wood/metal,1
WOODEN BLOCK,1
"Woodframe, stucco exterior, barrel roof",1
A-Frame,1
Brick Veneer with Wood Frame,1
Clapboard,1
"Frame, Wood with elevated slab",1
Hoop Arch,1
Log,1
Manufactured/Modular,1
Milled Timbers,1
Pole Frame,1
Soil Cement,1
Stick,1
Stone Veneer,1
Strawbale,1
Structural Insulated Panel,1
Post and Beam,1
Metal & Frame,1
Perimeter plywood sheathed wood stud shear walls and steel columns supporting wood framed roof.,1
Steel and wood frame with plywood on wood truss floors. Exterior walls are brick on metal stud (1st Fl) and EIFS on metal stud (upper floors) designed for 130 mph wind loads,1
"Unprotected Combustible (Also known as ""ordinary"" construction; has brick or block walls with a wooden roof or floor assembly which is not protected against fire. 2 Hr. Exterior Walls* No fire resistance for structural frame, floors, ceilings, or roofs.",1
"1 and 8 Shops: Wood Frame and Stucco, outlot building construction type unknown.  Ross buildg: Type V-N",1
" metal roof, wood floors, stucco interior and exterior walls",1
" Steel and wood columns, low slope, wood roof, concrete foundation ",1
1 and  8 and  16 WOOD FRAME AND STUCCO,1
1 and 16 WOOD FRAME AND STUCCO,1
1 and 8 WOOD FRAME AND STUCCO,1
1 AND 8 AND 7 FRAME,1
1 Frame,1
"1-story, wood frame",1
"1-story, wood frame, built-up roof",1
2-story wood & drywall framed w/brick & dryvit; flat roof,1
Aluminium / vinyl,1
Aluminium & vinyl,1
Aluminium vinyl,1
Brick Venr,1
Brick/Veneer,1
Brick/Stucco,1
Class D: Wood frame,1
F,1
F/NO,1
Foundation & Frame,1
Framed,1
Frame - ISO 1,1
Frame (Wood )- ISO FIRE 1,1
"Frame Construction (ISO Class I, IBC Type VA & VB)",1
"Wood
Frame",1
Wood -RMS 1,1
Wood Frame,1
Wood Frame.,1
Wood Beam,1
Frame Brick/Veneer,1
Frame/Brick Veneer,1
Wood Frame and Brick Veneer,1
"Frame, Stucco",1
Frame/Stucco,1
Wood Frame with Stucco Interior,1
Wood Frame and Stucco,1
Wood/Frm/Stucco,1
Wood/Stucco,1
Wood Frame and Stucco with pitched room structure,1
Wood Frame Stucco,1
Wood & Stucco,1
"Wood Frame, Stucco ",1
Wood Frame/Stucco,1
Wood Frm/Stucco,1
Wood-Frame/Stucco,1
frame/steel,1
Frame/Steel Beams,1
Frame/Metal,1
Wood & Metal,1
Wood Framing/Siding,1
wood/steel,1
"Grace single ply rubber membrane Aluminum frame w/1"" insulating reflective glass",1
Light Wood Stud WallsÂ -RMS 1A1,1
MODULAR CONSTRUCTION,1
"Metal/
Frame",1
on its own,1
Plank Roofs,1
PRE-FAB.,1
Pre-Fabricated,1
Prefab Steel,1
RITE AID BUILDING: TILT-UP CONCRETE WALLS WITH CAST AGGREGATE AND DECORATIVE STONE SET INTO THE PANELS WITH A WOOD FRAMED ROOF.  Big Lots! Building:  tilt-up concrete  Small shops - both buildings: stucco over wood frame with wood roof.  KFC and Wendy's :  wood frame construction with combination of wood siding and stucco atexterior.  Penzoil pad: CMU block with wood roof.  safeway building: CMU block,1
Steel and wood,1
Steel/Wood,1
Stucco Frame,1
Stucco/Frame,1
T1-11 WOOD SIDEING WOOD FRAMED STRUCTURES WITH PAINTED EXTERIOR FINISH,1
"MOST MASONRY/ STEEL, METAL DECK WITH ONE WOOD SECTION",2
"BRICK , MASONRY / METAL DECK",2
"Wood frame, poured concrete ",2
Bur/Gravel Masonry,2
"JM, MNC, FR",2
Joisted Masonry,2
"Steel and wood columns, low slope, wood roof, concrete foundation ",2
WOOD FRAME MASONRY,2
Block & Frame,2
Block and Brick veneer,2
Block and Plank,2
BLOCK FRAME,2
BLOCK WOOD TRUCES AND WOOD WITH CONCRETE TILE,2
Block/Joist,2
Block/Wood,2
Brick,2
"Brick - 1  story, Modified Bitumin roof",2
Brick - 1 story w/shingled roof and concrete slab,2
Brick / Non-Combustible,2
Brick & Masonry,2
Brick & Mortar,2
Brick & Wood,2
BRICK AND SPLIT,2
Brick and wood siding,2
"Brick exterior, concrete, slab, drywall
",2
Brick FaÃ§ade,2
Brick Framed,2
Brick Masonry,2
Brick Masonry Frame,2
Brick Masonry Veneer and Painted Tilt-Up Panels,2
Brick masonry walls with wood frame and floors.,2
Brick on concrete slab,2
Brick Tower,2
Brick Veneer & Masonry,2
Brick Veneer & Metal/Wood Canopy,2
Brick Veneer & Single Ply Membrane Roof,2
BRICK VENEER STEEL FRAME,3
Brick w/flat asphalt roof,2
"Brick, concrete slab",2
"Brick, Slab",2
"Brick, Wood and Mortar",2
Brick; flat roof; concrete,2
Brick/Concrete Block,2
Brick/Dryvit,2
Brick/Frame,2
Brick/Stone,2
Brickwalls,2
Bur Masonry,2
Bur/Smooth Masonry,2
"Cement slab, stucco",2
CINDER BLOCKED WOOD FACED,2
CINDERBLOCK WOOD FRAME WOOD/STONE FACING,2
CMU AND WOOD FRAME,2
CMU Walls/solid wood columns,2
CMU Walls/Wood Framing Interior,2
CMU/Brick,2
Concrete / Frame Attachments & Some Columns,2
Concrete & Wood,2
Concrete Block & Brick Veneer,2
Concrete Block/Plank,2
Concrete floors with brick and EIFS walls,2
Concrete Masonry / Wood Framing Interior,2
Concrete Metal Wood,2
"concrete slab, brick",2
"CONCRETE SLAB, MASONRY/STEEL// WOOD",2
"CONCRETE SLAB, MASONRY/STEEL/DRIVET/ WOOD",2
"CONCRETE SLAB.MASONRY, WOOD",2
CONCRETE SLAB/BRICK STRUCTURE,2
Concrete Tilt up /wood Frame,2
concrete wall foundation/wood stud frame,2
Concrete with Steel/Wood roof,2
"Concrete, Masonry, Brick",2
"Concrete, Mortar, Brick",2
"Concrete, Mortar, Brick, Frame",2
"Concrete, Steel, Wood",2
Concrete/Frame,2
Concrete/wood framed,2
Epdm Masonry,2
"Fire resistive, masonry joist",2
FR JM,2
Frame & Brick,2
Frame and Masonry,2
Frame over concrete podium,2
HCB & Post Beam,2
HT,2
Hypalon Masonry,2
ISO 2 Joisted Masonry,2
ISO-2 JM,2
J Brick/ Concrete,2
JM,2
JM   Concrete Block & Brick Walls / Wood Plank Roof,2
JM   Fire Resistive Heavy Timber,2
JM   Hollow Core Block,2
JM  Concrete Blocks & Brick Wall with Wood,2
JM - Brick,2
JM/ Apt,2
JM/Coop,2
JM/NO,2
Joint Masonry,2
JOIS MAS,2
"Joisted masonry, modified fire resistive",2
Joisted Masonry/Brick,2
Joisted Masonry/Fire Resistive,2
"Load bearing masonry,wood frame and concrete",2
Marsonry and Frame,2
"Masonary, Noncombustible, Joisted Masonary, and Steel Ballasted EPDM",2
Masonary/Frame Tille,2
Masonry  Wood Frame,2
Masonry - Heavy Timber,2
Masonry / Wood Roof,2
masonry & brick,2
Masonry & Wood,2
Masonry Framed Stucco,2
Masonry Joist,2
Masonry Joist Composition Shingles,2
"Masonry or concrete walls, wood or metal deck roofs",2
MASONRY STEEL 05 WOOD FRAMED,2
"Masonry, Stucco, Wood",2
Masonry/Brock,2
Masonry/Frame,2
Metal Joisted Masonry,2
MH/JM,2
MNC/Frame,2
MNC/Wood,2
Mod. Bit. '93 Masonry,2
Reinforced Concrete Block Walls / Wood and Metal Deck Roofs,2
REINFORCED CONCRETE SHEAR WALL WITH FRAME,2
Reinforced Concrete with Wood/Metal Dck Roof,2
Reinforced Steel Beam & Wood,2
"Steel columns, beams, and joists, brick veneer",2
STEEL FRAME BRICK VENEER,2
STEEL MASONRY/WOOD,2
Stone,2
Concrete & stone,4
Concrete /brick,4
stone & slate,2
concrete block/brick,4
Stone Masonry/Wood Joists,2
Structural Masonry -RMS 2C,2
Stucco/Masonry,2
TILT UP BLOCK FACED WOOD FRAMING /STONE FACED,2
TILT UP WOOD FRAME WOOD/STONE FACED,2
tilt wall with frame,2
Unreinforced Concrete Block MasonryÂ -RMS 2B3,2
unreinforced solid brick masonry,2
wood & drywall framed w/brick & dryvit; flat roof,2
WOOD AND STEEL FRAME CMU,2
WOOD FRAME AND CMU,2
Wood frame and poured concrete,2
Wood Frame Brick,2
WOOD FRAME CMU/ BLOCK,2
WOOD FRAME CONCRETE BLOCK,2
Wood frame single gable roof with concrete slab,2
Wood Frame with block and brick exterior,2
"wood frame, block, stucco exterior",2
"Wood Frame, Concrete Slab, CMU Walls, Drywall",2
"Wood frame, engineered metal, reinforced masonry",2
"Wood Frame, Masonry, Wood & Steel Trusses",2
"Wood Frame, Stucco, Steel and Concrete Block",2
Wood Frame/Masonry,2
Wood Framing over concrete slab-on-grade foundation.,2
Wood/Block,2
Wood/Concrete,2
Wood/Steel Stud/Brick,2
Woodframe - Masonry Veneer,2
Foam Form Concrete,2
Adobe,2
Autoclaved Aerated Concrete,2
Brick/Cinder Block,2
Dome,2
Flexible/Flexicore,2
Glass,2
Heavy,2
Rammed Earth,2
Stone & Rock,2
"Veneer, Stone",1
Masonry Wood Frame,2
"Joisted Masonry (ISO Class 2, IBC Type IIIA, IIIB, & IV)",2
ROOF: 4-PLY  FIBERGLASS            BUILT UP WITH FLOOD COAT & AGGREGATE ROCK BALLAST INSTALLED OVER PLYWOOD DECKING: MALL CONSTRUCTED OF CONCRETE SLAB ON GRADE STEEL CONCRETE MASONRY AND WOOD,2
Stone/Rock,2
"   Wood frame, poured concrete ",2
"1 AND 16 CINDERBLOCK, WOOD FRAME",2
"  BLOCK  WALL WOOD PANELIZED ROOFS; SMALLER OUTLOT BUILDINGS, CONSTRUCTION TYPE UNKNOWN",2
" JM, MNC, FR",2
02 - Joisted Masonry,2
1999 Hypalon Masonry,2
1 and 16 CONCRETE TILT UP WOOD FRAME,2
1 and 8 WOOD FRAME CONCRETE BLOCK,2
1 and 16 WOOD AND STEEL FRAME CMU,2
1 AND 7 AND 8 CINDER BLOCKED WOOD FACED,2
1 AND 7 AND 8 CINDERBLOCK WOOD FRAME WOOD/STONE FACING,2
1 AND 7 AND 8 TILT UP WOOD FRAME WOOD/STONE FACED,2
1 AND 8 AND 16 WOOD FRAME MASONRY,2
1 and 8 CMU AND WOOD FRAME,2
1 AND 8 WOOD FRAME AND CMU,2
1 and 8 MASONRY W/WOOD,2
1 and 8 MASONRY WOOD FRAME,2
3-story brick bldg.; concrete slab,2
3-story Brick on concrete slab,2
2 Joisted MAS,2
2-story Brick  w/concrete slab,2
ALL BUILDINGS FOUNDATIONS CONSIST OF CONTINUOUS BUILDING REINFORCED CONCRETE GRADE BEAMS AND ISOLATED SPREAD FOOTINGS BUILDING SUBSTRUCTURE CONSISTS OF TILT UP REINFORCED MASONRY BLOCK PERIMETER WALLS AND WOOD FRAMED MANSARD ROOF AND STRUCTURES AND FACADES,2
Block/Plank,2
Block& Plank,2
Block & Plank,2
Brick exterior,2
Brick Exterior - 2 story,2
Brick Construction,2
Brick / Frame,2
Brick and Frame,2
brick frame,2
Brick with Frame,2
brick frames,2
Brick masonry walls with wood frame and floors.,2
"Brick, Non-Combustible",2
Brick/ Non Comb,2
Brick veneer and CMU walls around a steel frame with a new roof in December 2018,2
"C.B., Br. Ven;  1 story 93% AS",2
"   CONCRETE SLAB, MASONRY/STEEL// WOOD",2
"   CONCRETE SLAB, MASONRY/STEEL/DRIVET/ WOOD",2
"   CONCRETE SLAB, WOOD/DRIVET",2
"   CONCRETE SLAB.MASONRY, WOOD",2
"   CONCRETE TILT UP WALL PANELS, STEEL COLUMNS, BEAMS AND TRUSS JOINTS SUPPORTING OPEN WEB STEEL ROOF JOISTS WITH STEEL OR PLYWOOD DECKING",2
2 AND 7 AND 8 TILT UP BLOCK FACED WOOD FRAMING /STONE FACED,2
Class A,2
Class A Office,2
"Class C: Masonry or concrete walls, wood or metal deck roofs",2
Concrete / Wood Framed,2
Concrete Block & Wood Frame,2
Concrete Block Wood Truss Roof,2
Concrete Tilt Up & Wood,2
CONCRETE TILT UP WITH WOOD FRAME,2
CONCRETE TILT UP WOOD FRAME,2
"Concrete Slab - 2 story, Brick Exterior, Approved Sprinkler, Heat Detector",2
"Concrete Slab, Brick Walls",2
Frame and Brick,2
Frame/Brick,2
"Frame/Brick 

Composition Shingle",2
framed-brick,2
Wood & Brick,2
"Wood Frame
Brick",2
Wood Frame/Brick,2
Wood/Brick,2
Wood  Frame/Brick,2
Wood Frame/Full Brick,2
Wood frame/brick ext,2
"Wood, Brick",2
"Wood
/Concrete",2
Wood & Concrete,2
WOOD FRAME CMU,2
Wood frame with CMU walls,2
Frame/Masonry,2
Frame/W Masonry,2
Wood Frame w/Masonry exterior,2
Highly Protected Brick,2
Masonry Joist - Concrete Block & Brick Wall with Wood,2
Masonry Joist - Concrete Block & Brick Walls / Wood,2
JM - Concrete Block & Brick Walls W/ Wood,2
JM - Concrete Blocks & Brick Wall with Wood,2
JM Concrete Block & Brick Walls/Wood,2
JM//apt,2
JM/Apt,2
JM/Apts,2
JM/Coop.,2
"Joisted
Masonry",2
Joisted Mas,2
Joisted Masonry - ISO 2,2
Joisted Masonry Bldg,2
Joisted Masonry- ISO FIRE 2,2
Joisted-Masonry,2
Joisted/ Masonry,2
Joisted/Masonry,2
Masonry -RMS 2,2
MASONRY STEEL WOOD/DECK,2
Masonry / Wood Frame,2
Masonry & Frame,2
Masonry/Brick,2
"Masonry/Stucco

Frame Plywood

Built Up/Tile",2
masonry/wood,2
"masonry, frame, other ",2
massive brickwall 50cm,2
Tilt-upÂ -RMS 3B4,2
Unreinforced Solid Brick MasonryÂ ,2
"Various, Brick, Concrete Block, metal frame, metal roof, Wood frame, wood roof covered with Steel.",2
Heavy Timber Joisted Masonry JM Class II,2
Joist Masonry,2
"CONCRETE SLAB, STEEL FRAME",3
Steel framing with post tension concrete floors with concrete roof deck,3
steel structure w/concrete slab,3
"steel frame, brick veneer ",3
Pre-Engineered Metal (ISO 3),3
99% NC & 1% Frame,3
Alum/Steel,3
Aluminum,3
Aluminum seating / steel structure / concrete slab,3
Bur/Gravel Non-Comb,3
"Concrete Slab, steel frame, aluminum glass curtain",3
"Concrete Slab, vrick exterior, steel frame drywall",3
concrete steeal and glass,3
CONCRETE TILT WALL /GLASS & ALUMINUM STORE FRONT,3
"Conventional steel, i.e.., bar joist, joist girders and columns with brick veneer and EFIS exterior finish",3
Epdm Metal,3
Glass /concrete glass / gray stone panels,3
glass and steel,3
"granite, glass, steel columns",3
Insulated Metal Deck METAL,3
ISO-3 NC,3
Isolated Steel Plates,3
Light Metal Frame with Unreinforced Masonry InfillÂ -RMS 4B2,3
Light Non Combustible,3
LNC,3
Metal,3
Metal & Glass,3
metal bldg w/metal roof,3
metal bldg. w/metal roofing; concrete,3
Metal Clad,3
Metal Frame,3
Metal Frame (Slant),3
"metal frame w/ metal roof, ",3
metal frame w/dryvit; flat roof,3
"Metal frame, metal roof, concrete slab",3
Metal Frame/Stucco & Brick,3
Metal Metal,3
Metal Panel (stone exterior on office),3
Metal Shingle,3
Metal Siding / Stuccto Exterior,3
Metal structure w/ Metal Siding Painted Brick / Stucco Front Facade,3
Metal with steel frame,3
Metal/alum siding,3
Metal/blk Base,3
Metal/Eifs,3
Metal/Glass,3
metal/glass panel with conrete,3
Metal/Stucco,3
Metal/WH,3
mixed (non-combustible). Roof is bitumen asphalt with clay tile,3
MIXED NON-COMB/COMB,3
NC / Metal,3
NC ICM,3
NC/ Pre-Engineered Metal,3
NC2,3
NCB,3
Non Comb,3
NON COMB STEEL FRAME,3
Non Comb-stainless steel & Glass,3
Pole Building,3
Pre Fab Concrete,3
Pre Formed Concrete,3
Pre- engineered Metal,3
"Pre-engineered building, steel",3
Pre-engineered or Braced Steel panel siding,3
SF/WR,3
Steel,3
Steel / Metal Frame,3
Steel & Glass,3
steel and pre-engineered steel frame with concrete filled metal deck superstructure,3
Steel Braced Frame,3
Steel Con/EFIS,3
Steel deck on steel joist 89%-Non Comb;11%-Boards on Joist,3
Steel Frame & Metal Siding,3
Steel frame â€“ Â exterior stucco siding Â ,3
Steel Frame Metal Roofing,3
Steel frame stucco with glass,3
Steel Frame with metal roof,3
Steel frame / stucco exterior,3
"Steel Frame, Exterior",3
modified FR modified modified,5
Steel frame Steel frame exterior,3
Steel frame with exterior,3
Metal frame with exterior,3
Metal roof with exterior,3
Exterior Steel Frame,3
"Steel Frame, Brick Exterior",3
"steel frame, brick veneer, mod bit roof",3
"steel frame, brick veneer, TPO roof",3
"Steel frame, metal roof, masonry exterior, metal  framing.",3
"steel frame, precast panel exterior",3
"Steel frame, steel beams & joists",3
steel frame/concrete floor slab/storefront window,3
Steel frame/metal building/concrete floors,3
Steel Frame/Non-Comb,3
steel framed with moment resisting and braced structural steel frames,3
steel framing including interior columns and beams,3
Steel on steel frame roof and walls,3
Steel Plate & Asbestos Corrugated Iron,3
Steel Pole,3
Steel Structure,3
Steel Structure/Metal Cladding,3
Steel Stucco,3
Steel Stud,3
Steel w/Metal Siding,3
Steel/Metal,3
Steel/Non-Comb,3
Stucco w/metal support beems,3
Stucco/Metal,3
Tilt Up Panel,3
Aluminum Frame,3
Aluminum Siding,3
Quonset,3
framed with structural steel tube columns that support wide flange steel beams and open weld steel joists with metal decking that forms pans for the poured-in-place concrete floor slabs.,3
Protected Non-Combustible 1 Hr. Exterior Walls 1 Hr. Structural Frame 1 Hr. Floor/Ceiling/Roof Protection,3
Steel(TBC),3
"Structural Insulated Panels/Metal Panels
(The property shares a concrete masonry wall on the northeast side of the building)",3
"Protected steel frame with lightweight concrete floors, exteriors walls are concrete panel and stone (1&2) and EIFS on fiberboard on the upper 8 floors",3
"  CONCRETE SLAB, STEEL FRAME",3
1986 Bur/Gravel Non-Comb,3
1987 Bur/Gravel Masonry,3
1989 Bur/Gravel Masonry,3
1991 Bur/Gravel Non-Comb,3
1-story metal bldg w/metal roof,3
"1-story, steel frame",3
100% Pre-Engineered Metal (ISO 3),3
2B Combustible,3
3 LT Non-Cmbst,3
3-story metal frame w/dryvit; flat roof,3
"3-story, concrete slab, glass curtain wall",3
"3-story, steel frame, brick veneer",3
"3-story, steel frame, brick veneer, mod bit roof",3
"6-story, steel frame, brick veneer, TPO roof",3
"7 - story, steel frame, precast panel exterior",3
BOCA Type 3,3
Class S: Metal frame with metal or wood siding,3
"Concrete Slab, Steel frame, Brick Exterior, Dry Wall, Build Up Roofing, Automatic Alarm",3
"Concrete Slab, steel frame, masonry exterior, drywall & masonry, approved sprinkler, heat detector, automatic alarm",3
Framed Steel,3
Glass exterior w/steel frame,3
Glass/Steel,3
Light noncombustable,3
Light noncombustible,3
NonCombustable,3
Miscellaneous Noncombustible Metal,3
Non Comb.,3
Non Combust,3
Non Combustible,3
Non Combustible - ISO 3,3
Non- Combust,3
Non- Combustible,3
Non-Com,3
Non-Comb,3
Non-Comb.,3
Non-Combustable,3
Non-Combustible,3
Noncombustible,3
NC,3
NC/Pre-Engineered Metal,3
Metal - Original Metal,3
Metal building,3
Metal construction,3
Metal structure,3
Metal On Metal,3
Metal Block,3
Metal Siding Exterior,3
Metal Siding w/ Stucco Exterior,3
Misc Noncombustible,3
NonCombustible metal,3
Miscellaneous Noncombustible,3
Metal NonCombustible,3
Steal Frame,3
"Steel
Frame",3
Steel Frame,3
Steel/Pol,3
steel beam,3
Steel Frame / Metal On concrete Slab,3
Steel frame with 1st floor slab; upper floors are lightweight concrete over metal deck.Â,3
steel frame/concrete floor slab,3
Steel/Glass,3
Steel and Glass,3
Steel & Stucco Exterior,3
Steel Frame/ Stucco Ext.,3
Steel/Stucco,3
Steel & Stucco,3
Stucco/Metal Studs,3
"Steel on Steel Frame, Steel Deck",3
"Steel frame, steel deck ",3
"steel frame, exterior",3
"Steel, Stucco Exterior",3
Superior Non-Combustible Construction NC-II,3
Cast Concrete,4
CMU exterior walls and steel columns,4
"CMU walls, concrete slab, steel columns",4
"CONCRETE ,BLOCK AND STEEL",4
Concrete (Mild Steel and post tension),4
concrete & steel,4
Concrete Steel Reinforced,4
"CONCRETE, BLOCK, STUCCO",4
"reinforced concrete, concrete/stone",4
"reinforced concrete, concrete on steel beam",4
"reinforced concrete, concrete/brick",4
Reinforced Concrete Frame,4
Reinforced Concrete Frame Reinforced conc frame,4
Mason & Steel,4
MASONARY/STEEL   DRIVET,4
Masonry  & Steel Non-Combustible,4
"MASONRY, STEEL, BUILT UP ROOF",4
"MASONRY,STEEL",4
Steel / Concrete,4
STEEL CMU/BLOCK,4
Steel Block,4
Steel Frame with Tilt Up Construction,4
steel frame/elevated concrete,4
Steel frame/tilt up concrete,4
Steel with poured concrete floors,4
"Steel, block, Pre-Cast concrete.",4
Tilt,4
Tilt Up,4
Tilt Wall,4
Tilt Wall Construction,4
"MASONRY BLOCK EXTERIOR DRYVIT FINISH, METAL DECK",4
"MASONRY, STEEL AND BRICK ON A CONCRETE FOUNDATION",4
"MASONRY, STEEL STANDING SEAM  METAL ROOF",4
"MASONRY, STEEL, BRICK AND SPLIT FACE SPARKLE BRICK ON A CONCRETE FOUNATION",4
"MASONRY/ STEEL, METAL DECK",4
"STEEL FRAME BUILDING, MASONRY EXTERIOR WALLS, METAL DECK",4
"STEEL FRAME BUILDING, MASONRY EXTERIOR WALLS, METAL DECK 2&3 HAVE GYPSUM BOARD DECK",4
"STEEL FRAME BUILDING, PRECAST CONCRETE EXTERIOR WALLS, METAL DECK",4
"concrete block, metal roofing.",4
SF & concrete,4
Concrete floors,4
"Reinforced concrete,Slate",6
Reinforced concrete with brick/stone,4
"Steel on Steel Frame, Protected Steel Deck on Protected Steel Beams",3
Steel on Steel Frame,3
Masonry - Reinforced Concrete,4
Reinforced Concrete Masonry,4
99% MNC & 1% NC,4
Aggregate Concrete,4
Blick/CMU,4
Block,4
BLOCK  AND STUCCO,4
Block & Brick,4
Block & Brick Coal Tar Pitch,4
Block & Gravel,4
Block & Metal,4
Block & Metal Pipe,4
Block & Post Beam,4
Block & Steel,4
Block & Steel Frame,4
Block and Brick on concrete slab foundation.,4
Block Construction,4
Block w/ brick/stucco faÃ§ade,4
"Block,brick & steel siding",4
Block/CMU,4
Block/Dybit/EIFS Exterior,4
BLOCK/SLAB,4
BLOCKWALL,4
Brick / Steel Frame,4
Brick & Concrete,4
Brick & Metal,4
Brick & Steel,4
Brick and Block,4
BRICK AND CONCRETE CINDER BLOCK/STUCCO,4
Brick Exterior & Steel Frame / Metal Roof,4
Brick Masonry & Steel,4
Brick over CMU,4
Brick Steel Concrete,4
Brick/Block & Metal,4
Brick/Block Modified,4
Brick/CB and mortar,4
Brick/Metal Roof,4
Brick/Stucco/Steel,4
Bricks/Mortar & Steel,4
C Masonry,4
Cast in place concrete,4
Cast in place concrete structure & brick faÃ§ade,4
cast in place concrete with conventional and post tension system,4
Cast in place concrete with glass curtain walls,4
Cast in Place Concrete with Misc. Steel Framing,4
cast-in-place reinforced concrete wall and frame structure,4
Cement,4
CINDER BLOCK,4
Cinder Block & Brick,4
Cinder Block & Steel Joints,4
Cinder Block & Stucco,4
cinder block; metal roof,4
Cinder block/Aluminum,4
CMU,4
CMU & Concrete,4
CMU/Brick Veneer,4
CMU/Stucco,4
"COCRETE BLOCK WITH STEEL DECK 3-WITH BRICK VENEER, ASPHALT SHINGLE ROOF, 4-CONCRETE BLOCK AND ROOF",4
Combination of concrete block and metal paneling,4
Conc Tilt up,4
Concr/Block,4
Concr/Steel/Stucco,4
Concrete / Built up Roof,4
Concrete & Masonry,4
Concrete & Metal,4
Concrete & Tar,4
concrete and curtainwall,4
Concrete Block & Brick,4
Concrete Block & Glass On Metal Frame,4
Concrete block & stucco steel joist roof,4
Concrete block & stucco with twin precast T roof,4
Concrete Block Stucco w/ Concrete Tile Roof,4
Concrete block with stucco exterior and metal veneers,4
"CONCRETE BLOCK, STUCCO",4
Concrete block/stucco strip mall/flat roof,4
concrete columns with elevator concrete slabs,4
Concrete floors with EIFS walls,4
Concrete Frame,4
concrete frame concrete frame,4
Conc Fr,4
Concrete Frame with steel,4
Concrete Frame and brick,4
Brick and Concrete frame,4
Concrete Frame with Brick,4
Concrete Frame Brick FaÃ§ade,4
concrete frame/brick,4
CONCRETE MASONRY,4
Concrete Shear Wall,4
"Concrete Slab & Structure, Masonry Exterior, Drywall, Built-Up Roofing",4
CONCRETE SLAB CONCRETE BLOCK REAR BRICK MASONRY FRONT WALL SM STEEL DECK JOISTS,4
Concrete Slab on Grade,4
"Concrete Slab on grade, cast in place concrete",4
CONCRETE SLAB PRECASE,4
"concrete slab, glass curtain wall",4
"CONCRETE SLAB, MASONRY STEEL",4
"CONCRETE SLAB, MASONRY WALLS STEEL DECK, JOISTS",4
"CONCRETE SLAB, MASONRY/STEEL/DRIVET",4
CONCRETE SLAB/CONCRETE PRECAST,4
CONCRETE SLAB/CONCRETE PRECAST TILT UP STEEL JOIST AND DECK,4
CONCRETE SLAB/CONCRETE PRECAST TILT UP STEEL JOIST AND DECK MASONRY AND EIFS FINISH,4
CONCRETE SLAB/MASONRY STEEL,4
Concrete spread footings with CMU foundation walls,4
Concrete Stand Up Wall,4
Concrete standup,4
concrete tilt,4
Concrete Tilt & Metal,4
Concrete Tilt up panels on reinforced concrete stem wall,4
"CONCRETE TILT UP WALLS IN BACK , BRICK FRONT, SIDES ARE STEEL DECK CANOPY",4
Concrete Tilt Up/Non Comb,4
Concrete Tilt Wall/ Steel Frame,4
Concrete Tower,4
Concrete Walls & Metal Roof,4
"Concrete, Steel, Brick",4
"Concrete, Steel, Glass",4
Concrete/Brick,4
Concrete/CBS,4
Concrete/Metal Frame,4
Steel frame wiith conc,4
Concrete/Metal Stud/Drywall,4
Concrete/Steel/Brick,4
Concrete/Steel/Stucco,4
Concrete/Stucco,4
CTU,4
Exterior Reinforced CMU walls and Interior Tube Steel Columns.,4
Glass & Concrete,4
GLASS AND MASONRY,4
Glass and Precast Concrete wall panels,4
Heavy and Masonry Non Combustible,4
"Heavy Non Combustible - exterior walls are concrete panel, CMU, and EFIS over CMU ",4
Insulated Metal Deck Brick & Block,4
Insulated Metal Deck Granite,4
Insulated Metal Deck Preformed Concrete Set In Place,4
ISO Class 4 - Masonry > Brick walls and a steel roof.  All non-combustible materials.,4
ISO-4 MNC,4
ISO4-MNC,4
Limestone,4
Marble,4
MAS,4
MAS Non-Cmbst,4
Masonary Fire Resistive,4
Masonry / Concrete Walls/Steel Roof,4
Masonry / Metal,4
Masonry & Glass Panels,4
Masonry Bearing Wall,4
Masonry Block,4
Masonry Block/Metal Panel,4
Masonry Concrete,4
Masonry construction with Dryvit storefront,4
Masonry Non Combustible and Fire Resistive,4
Masonry Non Combustible and Modified Fire Resistive,4
"Masonry Noncombustible, Brick Exterior",4
MASONRY STEEL ON CONCRETE FOUNDATION,4
MASONRY STEEL/CONCRETE METAL DECK,4
MASONRY STUCCO,4
Masonry Veneer,4
Masonry walls with steel frame and concrete floors,4
"Masonry with 
panelized roof system",4
MASONRY/ STEEL-METAL DECK,4
MASONRY/ STEEL/ CONCRETE  DECK -METAL DECK,4
Masonry/Concrete frame,4
MASONRY/STEEL/CONCRETE SLAB,4
"Masonry/Stucco
Frame Metal",4
metal / brick,4
Metal & Epdm Metal & Pre-Cast,4
Metal & NC,4
Metal and Concrete Block;,4
"Metal Building with 
CMU Fascia",4
Metal Building; Concrete,4
Metal Framed /Masonary,4
Metal Masonry,4
Metal NC,4
Metal over CMU,4
Metal panel over block,4
Metal Siding w/ Concrete Exterior,4
Metal Studs/Masonry,4
Metal Tilt-up,4
Metal w/ Concrete Tilt Wall,4
Metal w/ masonry band,4
Metal w/Masonry front,4
Metal/Prefab,4
MNC,4
MNC (concrete walls - metal ceiling),4
MNC / Steel Deck,4
MNC â€“ Masonry Non-Combustible,4
MNC w/built up roof,4
MNC/Steel,4
Non Comb Brick Steel Frame,4
Non Combustible Steel & Concrete,4
Orig. Metal Metal & Pre-Cast,4
Outside Stucco/Inside Cinder Block,4
Painted concrete masonry units and metal siding,4
Parking - Concrete / Upper - Steel/Metal Deck & Concrete,4
"Pre Cast Concrete / Brick Exterior: 
Composition Roof Over Steel Deck",4
PRE CAST CONCRETE PANELS,4
Pre Cast Paneling Walls & Slab Foundation,4
Pre Fab Metal,3
Pre Fab Steel,3
Pre-cast concrete base with metal above,4
Pre-cast Concrete parapet panels,4
Pre-Engineered Metal Building with some tilt panel walls,4
Pre-Finish Metal,4
PreCast,4
precast concrete and steel with post tension cable slabs,4
Precast Concrete Panels with Steel Reinforcement,4
prefabricated steel moment frame structure,4
Reinforced Concrete/Masonry,4
Re-inforced poured concrete w/brick faÃ§ade,4
"Reinforce concrete, steel framed structure with cas t in place decks",4
reinforced concrete frame & superstructure,4
"Reinforced Concrete, Aluminum frame",4
Reinforced Concrete/Steel/Glass Curtain Wall,4
Sheet Metal & Cinder Block,4
Single Ply Rubber Precast Concrete,4
"Single Story, Block Wall Construction",4
SLAB AND BRICK VENEER BRICK AND BLOCK ON SIDES AND BACK WITH BAR JOIST AND STUCCO VENEER,4
SLAB AND SPLIT FACE CONCRETE BLOCK REGULAR CONCRETE BLOCK ON SIDES AND BACK WITH BAR JOIST AND STUCCO VENEER,4
SLAB CONCRETE WITH TILT WALL,4
SLAB/CONCRETE,4
Solid Masonry,4
Steal Frame Brick ext,4
Steel / Reinforcement,4
Steel & Cinderblock,4
Steel & Granite,4
"Steel columns, concrete / metal deck with masonry ",4
Steel Frame / Concrete & Metal Siding,4
STEEL FRAME BLDG. MASONRY EXTERIOR  WALLS METAL DECK,4
Steel Frame with Brick Walls/Concrete with Steel Joists,4
Steel Frame with concrete and metal extrior.,4
Steel Frame/Brick Facade,4
Steel MNC,4
steel reinfoirced concrete with metal pans,4
"steel reinforced concrete slab, titl up precast reinforced concrete wall panels with steel joists",4
Steel Stud/Brick,4
"Steel, Brick & Glass/",4
"Steel, Q-Deck, concrete, brick & glass",4
Steel/Brick/Concr,4
"Steel/concrete frame, brick, wood & stucco surface",4
Stucco/Concrete,4
Tilt Cement,4
Tilt up concrete,4
TILT UP CONCRETE BLOCK FACED,4
tilt up concrete on Steel 1.5 stories 100%AS,4
Tilt Wall Concrete,4
Tilt with steel framing,4
Tilt-up concrete wall - steel deck roof,4
tilt-up concrete wall panels,4
Tiltwall & Structural Steel,4
"wall: concrete/steel, roof: metal standing seam",4
Arched/Dome,4
Tilt-up Brick/Metal,4
Steel / Brick,4
4 MAS non-Cmbst,4
Masonry Non-Combustible,4
Steel Frame Floor & Roof Concrete Walls,4
Brick/Concr/Steel,4
Concrete Slab,4
Steel/Concrete,4
Steel/Masonry,4
"Modified Fire Resistive, FIre Resistive, Mason Noncombustible",4
"Fire Resistive, Masonry NonCombustile, Noncombustible, Modified Fire Resistive",4
1 AND 16 ALL BUILDINGS FOUNDATIONS CONSIST OF CONTINUOUS BUILDING REINFORCED CONCRETE GRADE BEAMS AND ISOLATED SPREAD FOOTINGS BUILDING IMPROVEMENTS CONSIST OF FRAMED STRUCTURES WITH STUCCO EXTERIOR FINISH,4
"3-story - ground floor is parking and 2nd and 3rd are occupied.  Cement slab, metal frame, plaster exterior, 2 elevators and modified bitumen roof; sprinklered and fire alarm system",4
"39% Concrete on Protected Steel, 38% Concrete on Exposed Steel, 23% Steel Deck (2) Superstructure 2-Joisted Masonry Building",4
"44% Concrete on Protected Steel, 33% Steel Deck (2), 23% Concrete on Exposed Steel Superstructure  Office",4
"57% Concrete on Exposed Steel, 29% Steel Deck (2) Type, 14% Concrete on Protected Steel Superstructure  Office",4
"61% Concrete on Protected Steel, 6% Misc Noncombustible, 33% Steel Deck (2) Type Superstructure  Office",4
"64% Concrete on Exposed Steel, 31% Steel Deck (2) Type, 6% Concrete on Protected Steel Superstructure  Office",4
"67% Concrete on Protected Steel, 33% Steel Deck (2)   Office",4
"67% Concrete on Protected Steel, 33% Steel Deck (2) Superstructure  Office",4
"72% Concrete on Exposed Steel, 28% Steel Deck (2) Type Superstructure  Office",4
"86% Concrete on Protected Steel, 14% Steel Deck (2) Superstructure  Office",4
"88% Concrete on Protected Steel, 12% Steel Deck (2) Superstructure  Office",4
"90% Concrete on Exposed Steel, 10% Steel Deck (2) Type   Office",4
"Block & Metal
Concrete masonry unit (CMU) load bearing walls, metal
deck on open web steel trusses",4
BUILDING CONTAINS A COMBINATION OF FOUNDATION SYSTEMS INCLUDING CONTINUOUS CONCRETE TRENCH FOOTINGS WITH SPOT REINFORCED COLUMN FOOTINGS AT PERIMETER AND DEMISING WALL LOCATIONS. THE SUPERSTRUCTURE CONSISTS OF REINFORCED MASONRY WALLS WITH PAINTED STUCCO EXPOSED COLOR/TEXTURED BLOCK AND DECORATIVE EIFS FINISHES,4
BUILDING FOUNDATIONS CONSIST OF CONTINUOUS REINFORCED CONCRETE GRADE BEAMS AND ISOLATED SPREAD FOOTINGS . SUBSTRUCRURE AT THE BUILDING CONSISTS OF REINFORCED CONCRETE MASONRY WALLS (CMU) WITH UNFINISHED (CMU) PAINTED BLOCK AND STUCCO FINISHES,4
BUILDING FOUNDATIONS CONSISTS OF CONTINUOUS BUILDING REINFORCED CONCRETE GRADE BEAMS AND ISOLATED SPREAD FOOTINGS. SUBSTRUCTURE CONSISTS OF REINFORCED CONCRETE MASONRY WALLS (CMU) WITH EXPOSED PAINTED CMU AND EXTERIOR INSULATION FINISH SYSTEM(EIFS) FINISHES,4
BUILDINGS CONTAIN FOUNDATION SYSTEMS INCLUDING CONTINUOUS CONCRETE TRENCH FOOTINGS WITH SPOT REINFORCED COLUMN FOOTINGS AND PERIMETER AND DEMISING WALL LOCATIONS SUPERSTRUCTURE CONSISTS OF REINFORCED CONCRETE MASONRY WALLS (CMU) WITH PAINTED STUCCO AND EXPOSED COLORED TEXTURED BLOCK ENTRY AND SIDE ELEVATION FACADE FINISHES,4
"Concrete Frames with concreted decks. Third level movie theater complext has steel framed roof. The barrel vaulted and pitched roofs which enclose the circulation areas of the mall are supported by both steel frames and glue laminated wood beams. Parking structures were designed with reinforced, cast- in- place concrete. exterior wall material is predomiinately concrete masonry units covered with face brick, pre-cast concrete panels, stucco, or exposed",4
"Concrete Slab & Structure, Masonry Exterior, Drywall, Built-Up Roofing, Approved Sprinkler",4
FOUNDATIONS CONSIST OF CONTINUOUS PERIMETER FOOTINGS AND INTERIOR DEMISIN WALL OR COLUMN FOOTINGS.SUBSTRUCTURE CONSIST OF REINFORCED CONCRETE MASONRY WALLS WITH BRICK VENEER AND OR BRICK WALLS,4
Post tension & reinforces concrete frame on tower; light gauge steel stud frame on all towers; ground floor beyond tower is steel column standard construction.,4
SLAB AND REGULAR CONCRETE BLOCK ON SIDES AND BACK WITH BAR JOIST AND STUCCO VENEER,4
"   MASONRY BLOCK EXTERIOR DRYVIT FINISH, METAL DECK",4
"   MASONRY, STEEL AND BRICK ON A CONCRETE FOUNDATION",4
"   MASONRY, STEEL STANDING SEAM  METAL ROOF",4
"   MASONRY, STEEL, BRICK AND SPLIT FACE SPARKLE BRICK ON A CONCRETE FOUNATION",4
"   MASONRY, STEEL, BUILT UP ROOF",4
"   MASONRY,STEEL",4
"   MASONRY,STEEL, BUILT UP ROOF",4
"   MASONRY/ STEEL, METAL DECK",4
"   MOST MASONRY/ STEEL, METAL DECK WITH ONE WOOD SECTION",4
"   STEEL FRAME BUILDING, MASONRY EXTERIOR WALLS, METAL DECK",4
"   STEEL FRAME BUILDING. MASONRY EXTERIOR WALLS, METAL DECK",4
"STEEL FRAME BUILDING, MASONRY EXTERIOR WALLS, METAL DECK 2&3 HAVE GYPSUM BOARD DECK",4
"   STEEL FRAME BUILDING, PRECAST CONCRETE EXTERIOR WALLS, METAL DECK",4
"   Steel frame, Reinforced Concrete ",4
"Concrete, Steel frame",4
Reinforced Concrete  with steel frame,4
"   Steel, Reinforced Concrete ",4
"  CONCRETE ,BLOCK AND STEEL",4
"  CONCRETE, BLOCK, STUCCO",4
"4100 - Masonry
4200 - Reinforced Concrete",4
" concrete block, metal roofing.",4
"Concrete floors, fire brick 100% sprinklered",4
" Fire brick/gypsom roof,concrete floors ",4
" Reinforced Concrete
Masonry ",4
06 Bur/Gravel Masonry,4
1992 Bur/Gravel Masonry,4
85 Bur/Gravel Masonry,4
93 Bur/Gravel Masonry,4
94 Bur/Gravel Masonry,4
98 Bur Masonry,4
98 Bur/Gravel Masonry,4
88 Bur/Gravel Masonry,4
1 and 10 MASONRY BLOCK,4
1 and 16 CONCRETE BLOCK,4
1 and 8 and 16 CONCRETE BLOCK,4
1 and 8 CONCRETE BLOCK,4
1 and 8 CONCRETE MASONRY,4
1 and 8 TILT UP,4
1 AND 8 TILT UP CONCRETE BLOCK FACED,4
"1 story Brick exterior, concrete, slab, drywall",4
1-story Brick; flat roof; concrete,4
1-story metal bldg. w/metal roofing; concrete,4
1-story steel structure w/concrete slab,4
100% Concrete on Protected Steel Roof  Office,4
2-STORY; MASONRY / METAL DECK,4
"39% Concrete on Protected Steel, 38% Concrete on Exposed Steel, 23% Steel Deck (2)   Building",4
4-Masonry Non-Combustible Exterior Walls Joisted Masonry Building,2
9 - Certified Design and Construction  Post tension & reinforces concrete frame on tower; light gauge steel stud frame on all towers; ground floor beyond tower is steel column standard construction.,4
"96% Reinforced Concrete, 4% Steel Deck (2)   Office",4
Steel deck with Reinforced concrete,4
BC,4
Block/Brick,4
Block/Metal,4
Block and Steel,4
Block Steel,4
Block/Steel,4
Block & Stucco,4
Block/Stucco,4
Block/Stuco,4
"   BRICK , MASONRY / METAL DECK",4
Brick w/ Steel Frame,4
Brick/Steel,4
Brick/Steel Frame,4
brick/concrete/steel,4
BRICK AND CONCRETE,4
Brick/concrete,4
Brick/Concrete Blk,4
"Brick exterior, concrete slab",4
"Brick Exterior, RD-yes; Yvette-Yes",4
Brick/Masonry,4
Brick/CMU,4
brick and mortar,4
brick & mortor,4
Brick/Mortar,4
Brick/ Block,4
Brick/Block,4
Brick/Metal,4
Cast-in-place concrete,4
"   CONCRETE ,BLOCK AND STEEL",4
"   CONCRETE BLOCK, STUCCO",4
"   CONCRETE, BLOCK, STUCCO",4
"   CONCRETE SLAB, MASONRY STEEL",4
"   CONCRETE SLAB, MASONRY WALLS STEEL DECK, JOISTS",4
"   CONCRETE SLAB, MASONRY/STEEL/DRIVET",4
"   CONCRETE TILT UP WALLS IN BACK , BRICK FRONT, SIDES ARE STEEL DECK CANOPY",4
"   Heavy Non Combustible - exterior walls are concrete panel, CMU, and EFIS over CMU ",4
"1&2COCRETE BLOCK WITH STEEL DECK 3-WITH BRICK VENEER, ASPHALT SHINGLE ROOF, 4-CONCRETE BLOCK AND ROOF",4
CBS,4
Cement Block,4
"Cement slab, stucco, 1 story",4
Cement/Block,4
CINDER BLOCK STUCCO,4
Cinder Block/Stucco,4
Cmu Block,4
CMU Construction,4
CMU tbc,4
CMU/BL,4
CMU/Block,4
CMU/WF,4
Conc/ Tilt Up,4
Conc/Tilt-up,4
Concrete - Tilt Up,4
Concrete Tilit,4
Concrete Tilt Up,4
Concrete tilt wall,4
Concrete tilt-up,4
Concrete Tilt-wall,4
"Concrete, Tiltwall",4
Concrete-TiltWall,4
Concrete tilt-up wall panels,4
concrete tilt-up walls,4
Concrete Tilt Up - Roof is Coated for Cooling Purposed,4
Concrete,4
Concrete Masonry Unit,4
Concrete Block,4
Concrete/ Block,4
Concrete/Block,4
Concrete - Post Tension,4
"Concrete, Masonry",4
Concrete/Masonry,4
CONCRETE METAL,4
"Concrete slab with a metal, wrapped with decorative insulated metal panels",4
"Concrete precast walls, concrete slab floors, glazed facade, metal deck roof",4
Concrete Walls Metal Roof,4
Concrete & Street,4
Concrete and Steel,4
concrete and steel beams,4
Concrete and Steel/Reinforced Concrete,4
Concrete Black/Steel,4
Concrete Block / Steel Frame,4
Concrete block & steel,4
CONCRETE BLOCK AND STEEL,4
Concrete deck on steel,4
CMU/Steel,4
CMU/Steel tbc,4
"Concrete masonry unit (CMU) perimeter structural walls,
steel columns with steel framing and wide bay bar joist
framing",4
Conc/ Steel,4
Concr/Steel,4
Concrete/Steel,4
"concrete/steel
",4
Concrete/ Steel I-Beam,4
Concrete W/ Steel Reinforcement,4
Concrete/Steel Frame,4
Concrete Steel,4
"Concrete, Steel Reinforced ",4
Concrete tilt-up/steel,4
CONCRETE BLOCK WITH STEEL DECK,4
concrete steel and glass,4
"concrete, steel, and glass",4
Concrete/Glass/Steel,4
CONCRETE SLAB CONCRETE PRECAST TILT UP STEEL JOIST AND DECK,4
"Concrete Block, Steel stud",4
concrete stucco,4
Concrete Block with Stucco,4
"Concrete and steel, stucco appearance",4
Concrete block w/brick exterior,4
"Concrete Slab, Brick Exterior, Fire Walls",4
"Concrete Slab-Purchased 2009, Brick Exterior",4
Concrete Slab-Purchased 5/1994 1-story Brick Exterior,4
Concrete Floors with Conventional Spread Footings.  Exterior is Glass.  Roof is finly ply ballasted.,4
High Rise Concrete,4
J Brick/Concrete,4
Loading bearing tilt-wall construction,4
"Main - Steel panel on steel frame, other - brick and steel walls with builtup roof over steel decking/joists",4
Mas/Non Comb,4
Mas/Non/Comb,4
Masonary,4
MASON STEEL,4
Mason/Steel,4
Masonary / Steel Frame,4
Masonary and Steel PPO,4
Masonary Non-Combusitble shingled,4
Masonary Non-Combusitble TPO,4
Masonary Non-Combustible,4
Masonary/Non-Com,4
Masonry,4
"Masonry
Block",4
Masonry   Non Combus,4
Masonry  Noncombustable,4
Masonry - Non Combustible,4
Masonry N C,4
Masonry NC,4
Masonry NC Masonry NC,4
Masonry Non Combust,4
Masonry Non Combustable,4
Masonry Non Combustible,4
Masonry Non Combustible - ISO 4,4
Masonry Non Combustible- ISO FIRE 4,4
Masonry Non-,4
Masonry Non- Combustible,4
Masonry Non-Comb,4
Masonry Non-Comb.,4
Masonry Non-Combust,4
Masonry Non-Cumbustible,4
Masonry Noncombustible,4
Masonry Noncombustible - 1 story building,4
"Masonry, N-C",4
"masonry, non combustible",4
"Masonry, Non-Combustible",4
"Masonry Noncombustible (ISO Class 4, IBC Type IIA)",4
Masonry/Nc,4
Masonry/Nc Noncombustible,4
Masonry- Non- Combustible,4
Masonry-Non Comb.,4
MASONRY-NON COMBUS,4
Masonry-Non Combustible,4
Masonry/Non-Comb,4
MasonryNC,4
Masonry/Non-Combustible,4
Masony Non-Combust,4
Masonry bearing walls,4
Masonry bearing walls.,4
Masony- Non Combustible,4
Masonry / Non-Combustible,4
MASONRY / STEEL DECK,4
MASONRY /STEEL,4
Masonry & Steel,4
masonry + steel,4
Masonry & Steel Frame,4
Masonry and Steel,4
Masonry and Steel Frame,4
Masonry bearing and interior steel columns,4
Masonry on Structural Steel Frame,4
Masonry Non-Combustible & Steel Frame,4
Masonry Steel,4
Masonry Steel Frame,4
Masonry Steel Framing,4
MASONRY STEEL SLAB,4
MASONRY STEEL RUBBER MEMBRANE ROOF,4
MASONRY STEEL WITH STEEL AND GYPSUM DECK,4
MASONRY STEEL/METAL DECK,4
MASONRY STEEL/SLAB,4
Masonry w/ Steel Frame,4
masonry w/steel,4
"masonry, w/steel",4
Masonry; Steel Frame,4
MASONRY/ STEEL,4
MASONRY/ STEEL  SLAB,4
MASONRY/ STEEL SLAB,4
MASONRY-STEEL,4
"Masonry, Steel Frame ",4
Masonry-Steel Frame,4
Masonry-Steel Framing,4
masonry/steel,4
MASONRY/STEEL   DRIVET,4
MASONRY/ STEEL-BASEMENT,4
Masonry/Enameled Steel,4
MASONRY / METAL DECK,4
Masonry/metal,4
"Masonry/Metal (The building exteriors are finished with the standard metal
panels of pre-engineered buildings. The north and west ground floor facades of 6006 Siesta Lane are exposed split faces concrete masonry. The north faÃ§ade of Florida
Finishing at 6108 Sherwin Drive is clad in brick veneer, and the south faÃ§ade of the Accounting Building at 6045 Sherwin Drive has a stucco veneer)",4
Masonry/Metal Roof,4
Masonry and Gass,4
Masonry & Metal,4
"Masonry/Stucco
Frame Built Up/Tile
Asphalt Wood
Deck",4
"Masonry/Stucco

Frame Metal",4
Non Comb Steel Frame and Concrete,4
Non-combusitble concrete & steel,4
Metal/Masonry,4
Metal/Masory,4
Metal & Brick,4
metal/brick,4
Metal Siding w/ Brick,4
Metal structure w/ Brick Exterior,4
Metal/Block,4
"Metal w/
Concrete Blk",4
Metal/Concrete,4
Metal Non Combustible,4
Metal Non-Combustible,4
Metal with NC,4
Metal/NC,4
"Mixed, precast or poured concrete roof on reinforced concrete structure and either block or brick walls (30%) or steel on steel frame (70%)",4
Reinforced Concrete Frame,4
SLAB AND BRICK VENEER CONCRETE BLOCK ON SIDES AND BACK WITH BAR JOIST,4
SLAB AND BRICK VENEER CONCRETE BLOCK ON SIDES AND BACK WITH BAR JOIST AND STUCCO VENEER,4
SLAB AND BRICK VENEER REGULAR CONCRETE BLOCK ON SIDES AND BACK WITH BAR JOIST,4
SLAB AND BRICK VENEER REGULAR CONCRETE BLOCK ON SIDES AND BACK WITH BAR JOIST AND STUCCO VENEER,4
SLAB AND BRICK VENEER REGULAR CONCRETE BLOCK ONSIDES AND BACK WITH BAR JOIST,4
SLAB AND BRICK VENEER REGULAR SIDES CONCRETE BLOCK ON SIDES AND BACK WITH BAR JOIST AND STUCCO VENEER,4
SLAB ANS BRICK VENEER REGULAR CONCRETE BLOCK ON SIDES AND BACK WITH BAR JOIST AND STUCCO VENEER,4
"Steel/

Masonry",4
Steel/Block,4
Steel / Block,4
Steel / Concrete Block,4
Steel /CMU Bk,4
Steel/CMU,4
Steel Reinforced CMU,4
STEEL FRAMED CMU,4
STEEL FRAMED/CMU,4
STEEL FRAMED EFIS AND CMU BLOCK,4
Steel-framed with concrete masonry unit (CMU) walls at ground level,4
Steel and Block,4
STEEL & CONCRETE,4
Steel & ConcreteÂ ,4
"Steel, Concrete",4
"Steel, concrete block",4
Steel & Reinforced Concrete Block,4
Steel Frame over Concrete,4
Steel and Concrete,4
Steel Frame/ Concrete,4
Steel and concrete frame,4
Steel Frame / Concrete,4
Steel Frame / Reinforced Concrete,4
Steel Frame w/Concrete Panel,4
Steel frame & Concrete,4
"Steel/concrete frame,
brick, wood & stucco 
surface",4
Steel/Core/Concrete,4
Steel Frame/ Concrete Walls- MNC,4
"Steel Frame with
Tilt Up Construction",4
"Steel Frame with 
Tilt Up Construction",4
Steel frame/tilt up concrete exterior,4
"Steel columns, concrete / metal deck with masonry facing.  Leased space on 3rd and 6th floor.",4
Steel frame and concrete,4
Steel Frame/Conc Block,4
steel frame/concrete,4
"steel-reinforced concrete, damping structure ",4
structural steel w/concrete and metal,4
Steel frame/concrete block/metal panel,4
"Steel, Q-Deck, concrete, 
brick & glass",4
STEEL / MASONRY,4
"Steel Structure, Masonry building, ",4
Steel & Masonry - 3 Story,4
Steel and Masonry,4
"Steel, Masonry",4
Steel w/ Masonry,4
Steel Frame/Masonry,4
steel with masonry,4
Steel Frame Masonary Sheer Wall,4
Steel Frame Masonry,4
STEEL MASONRY DRY VIT,4
Steel w/Metal Roof,4
Steel Siding & Metal Roof,4
Steel beam/column sprayed on fireproofing. Conf. center is masonry noncombustible,4
"Steel Frame, Brick Exterior,  concrete, Sprinkler
",4
Steel Frame/Brick,4
"Steel, Brick",4
Steel/Brick,4
THIS IS JUST A CONCRETE SLAB THIS IS JUST A CONCRETE SLAB,4
Til,4
Tilt-Up Concrete,4
Tiltwall,4
Tlt,4
Superior Masonry Non-Combustible Construction MNC-II,4
RC with Steel Frame,4
recinforced concrete with steel frame,4
CTU CTU,4
CTU concrete,4
"steel-reinforced concrete, damping structure",5
"Steel, Reinforced Concrete ",5
Mod FR,5
MOD FR Resist,5
Fire Proof: Structural Steel Frame & Concrete Deck,5
Fire Proofed Structural Steel Frame,5
Fire Resistive Modified,5
Modified Fire Resistive Modified,5
Fire Resistive Steel,5
Fire Resistive Steel/Non-combustible,5
"Fire Resistive, protected steel frame",5
FR / Metal,5
Heavy Non Combustible,5
"Hollow tile, Semi-fire resistive",5
"Masonary, Noncombustible, Structural Concrete, and Steel",5
Modified Fire Resistive,5
Modified Fire Resistive Modified Fire Resistive,5
Mod Fire Res.,5
Pre Cast Concrete Frame,5
Preâ€cast concrete base with concrete tiltâ€up above,5
"Precast, Structural Steel & Concrete",5
RC MRF WITH UNREINFORCED MASONRY INFILL,5
Reinforced Concrete Slab framed with structural steel,5
Semi Fire Resistive,5
SFR,5
Steel beam/column sprayed on fireproofing,5
Steel Moment Resisting Frame (MRF)Â -RMS 4A1,5
Structrual Steel with Reinforced Concrete Decking,5
"Structural metal stud framing, concrete decking, brick/cast stone veneer",5
Structural Steel Framing Encased in Concrete with Supporting Concrete Slabs,5
Structural steel with concrete slab over metal deck Superstructure  Office,5
Structural steel with masonry and concrete encasement,5
Structured Steel w/brick fascade & concrete slab,5
Mod Fire Rest,5
5 MOD Fr Resist,5
100% Mod FR,5
FR-Modified,5
MOD FIRE RESISTIVE,5
Mod Fire-Resistive,5
Mod.Fire Res.,5
Modified Dire-Resistive,5
Fire resistive Modified,5
Modified Mod FR Mod,5
Modified FR Mod,5
Modified modified FR,5
Modified Fire Resistive ISO,5
Modified Fire Resistive Modified,5
Modified Modified Fire Resistive,5
Mod fire resistive,5
Modified Fire Resistive - ISO 5,5
Modified Fire Resistive- ISO FIRE 5,5
Modified FR,5
Semi-fire Resistive,5
SFR/WR,5
Structural Steel,5
Structural Steel Columns,5
Steel Frame With Concrete Roof Deck -RMS 4A,5
Fire resistive Modified Modified,5
Mod Mod Fire resistive,5
Modified FR,5
Mod fire resistive,5
"Poured in place, reinforced concrete ",6
"Fire brick/gypsom roof,concrete floors ",6
FR,6
85% FR / 15% MNC EIFS,6
ALL REINFORCED CONCRETE,6
Concrete Fire Resistive,6
Concrete Res. Fi,6
Fire Resistive,6
Fire Resistive / Non Conbustible / Type 1A & II-A,6
Fire Resistive construction Poured Concrete On Steel Frame,6
Fire Resistive with Brick & Stucco FaÃ§ade,6
"Fire Resistive, concrete frame (parking garages)",6
"Fire resistive, reinforced concrete",6
Fire Resistive: Concrete Columns Beams,6
Fire Resistive: Concrete Frame / Mission Tile Roof,6
Fire Resistive/ Non-Combustible,6
Fire Resistive/brick veneer exterior,6
Fire Resistive/Heavy NC,6
ISO 6 - 100% Reinforced Concrete,6
ISO 6 Fire Resistive,6
ISO 6-FR,6
ISO-6 FR,6
"Open-sided, reinforced concrete",6
"Perimeter reinforced concrete tilt-up panel walls, ",6
Portland Stone Pre-cast Concrete,6
Poured Concrete,6
"Poured Concrete,",6
Poured Concrete w/Twin precast T roof,6
Precast Concrete,6
precast concrete,6
precast concrete precast concrete,6
Precast Concrete/ Stone,6
Precast Reinforced Concrete With Concrete Roof Deck -RMS 3B,6
Re-Inforced Concrete,6
Reinforced Concrete Block,6
Reinforced Concrete/Concrete Walls,6
reinforced cast in place concrete,6
Steel Frame Glass/Concrete (fire resistive),6
Stone & Concrete,6
Fire Resist,6
Class A - Fire Resistive,6
"Fire Resistive (ISO Class 6, IBC Type IA)",6
Fire Resistive / Sprinklered,6
Fire resistive/Sprinkler & Fire Command Station,6
Fire Resistive / Sprinklered (2004 - New sprinkler Tank & Elevator updates),6
"FT (Fire Resistive - Exterior walls, floors, and roof of masonry or fire resistive material with a fire resistive rating of at least 2 hours.)",6
"   Poured in place, reinforced concrete ",6
"   Poured in place, reinforced concrete structure. ",6
"9 - Certified Design and Construction  Fire Resistive, poured concrete floors and roof on concrete beams and columns.",6
100% FR,6
3A3 RC MRF WITH UNREINFORCED MASONRY INFILL,6
6 FR,6
9 - Certified Design and Construction   3A1,6
Building Class A Office Building,6
"Class A: Fire Resistive, protected steel frame",6
"Class B: Fire Resistive, concrete frame (parking garages)",6
"Concrete
Fire Resistive",6
F/R,6
Fire Res,6
Fire Resist/Sprink.,6
Fire Resistant,6
Fire-resistive,6
Fire Resistive.,6
Fire Resistive/Sprinlered,6
Fr Resist,6
"Fire Resistive
(Class 6)",6
Fire Resistive - ISO 6,6
FR/Apt,6
FR/Apts,6
FR/Coop,6
Fire Resistive: 2% Ordinary,6
Fire Resistive (2003 Elevator Updates),6
Fire Resistive / Non Conbustible / Type 1A,6
Fire Resistive/ Superior,6
Fire resistive/Sprinkler,6
Fire resistive./ Sprinklered,6
Fire Resistive / Sprinklered ( 2003 new fire pumps & elevtor updates),6
Fire Resistive / Sprinklered ( 2004 - Elevator updates),6
Fire Resistive /mfg sprinklered (2003 New Fire pumps & Elevator updates),6
Fire Resistive: Concrete On Steel Frame,6
Fire Resistive: Poured Concrete On Steel Frame,6
Fire Resistive: Poured Concrete On Steel Frames,6
Fire Resistive with Poured Concrete On Steel Frame,6
Fire Resistive Steel Frame,6
Fire Resistive- ISO FIRE 6,6
Fire Resistive: Reinforced Concrete,6
Fire Resistive: Concrete Frame W/ Mission Tile Roof,6
Fire Resistive: Concrete Frames with Mission Tile Roof,6
Fire Restrictive,6
Fire retardant steel beams for the first four levels. Steel frame encased in concrete for the upper three levels. Sandstone and tinted glass curtain wall.,6
Masonry Fire-Resistive,6
POURED IN PLACE CONCRETE,6
Reinfoirced concrete,6
"Reinforce Concrete,,",6
"reinforced Concrete,",6
THIS LOCATION IS ACTUALLY TWO BUILDINGS OF MIXED CONSTRUCTION; ONE OF WHICH HAS A PARKING GARAGE ATTACHED,Unknown
Precast Concrete,6
Poured Concrete,6
"Precast concrete , Poured Concrete",6
Masonry Veneer Masonry Veneer,4
"Brick/Stone, Reinforced Concrete",4
Reinforced Masonry Shear Wall,4
metal,3
Structural steel structural steel,5
Structural Steel Columns,5
Structural steel with brick,4
Reinforced Concrete frame,4
Reinforced Concrete frame RC,4
concrete frame,4
Metal build,3
Reinforced Masonry Shear Wall frame,4
Unreinforced Masonry,4
Strutural steel metal studs,5
"Reinforced Concrete,Brick/Stone",4
Reinforced Concrete & brick,4
"Brick, Reinforced Concrete",4